門司区,青葉台,火曜日・金曜日,月曜日,Q
門司区,大字伊川,火曜日・金曜日,木曜日,第1月曜日
門司区,泉ケ丘,火曜日・金曜日,月曜日,第2水曜日
門司区,稲積1～2丁目,火曜日・金曜日,月曜日,第2木曜日
門司区,大字今津,火曜日・金曜日,木曜日,第1月曜日
門司区,梅ノ木町,火曜日・金曜日,月曜日,第2火曜日
門司区,老松町,月曜日・木曜日,火曜日,第1水曜日
門司区,大久保1～3丁目,火曜日・金曜日,木曜日,第1火曜日
門司区,大字大積,火曜日・金曜日,木曜日,第1火曜日
門司区,奥田1～5丁目,火曜日・金曜日,木曜日,第2月曜日
門司区,花月園,月曜日・木曜日,火曜日,第1水曜日
門司区,風師1～4丁目,火曜日・金曜日,木曜日,第1金曜日
門司区,春日町,火曜日・金曜日,木曜日,第1木曜日
門司区,片上海岸,火曜日・金曜日,木曜日,第1金曜日
門司区,片上町,火曜日・金曜日,木曜日,第1金曜日
門司区,上ニ十町,火曜日・金曜日,木曜日,第2月曜日
門司区,上藤松1～3丁目,火曜日・金曜日,月曜日,第2木曜日
門司区,上本町,月曜日・木曜日,火曜日,第1水曜日
門司区,上馬寄1～3丁目,火曜日・金曜日,月曜日,第2水曜日
門司区,大字吉志（一部）,月曜日・木曜日,火曜日,第1月曜日
門司区,大字吉志（一部）,火曜日・金曜日,木曜日,第1月曜日
門司区,吉志1丁目（一部）,月曜日・木曜日,火曜日,第1月曜日
門司区,吉志1丁目（一部）,火曜日・金曜日,木曜日,第1月曜日
門司区,吉志2～3丁目,火曜日・金曜日,木曜日,第1月曜日
門司区,吉志4～7丁目,月曜日・木曜日,火曜日,第1月曜日
門司区,吉志新町1～3丁目,月曜日・木曜日,火曜日,第1月曜日
門司区,北川町,火曜日・金曜日,木曜日,第1金曜日
門司区,大字喜多久,火曜日・金曜日,木曜日,第1火曜日
門司区,旧門司1～2丁目,月曜日・木曜日,火曜日,第1水曜日
門司区,清滝1丁目,火曜日・金曜日,木曜日,第1木曜日
門司区,清滝3丁目（一部）,月曜日・木曜日,火曜日,第1木曜日
門司区,清滝3丁目（一部）,火曜日・金曜日,木曜日,第1木曜日
門司区,清滝4～5丁目,月曜日・木曜日,火曜日,第1木曜日
門司区,清見1～4丁目,月曜日・木曜日,火曜日,第1火曜日
門司区,清見佐夜町（一部）,月曜日・木曜日,火曜日,第1火曜日
門司区,清見佐夜町（一部）,火曜日・金曜日,木曜日,第1火曜日
門司区,葛葉1～3丁目,火曜日・金曜日,木曜日,第1金曜日
門司区,大字黒川（一部）,月曜日・木曜日,火曜日,第1木曜日
門司区,大字黒川（一部）,火曜日・金曜日,木曜日,第1木曜日
門司区,黒川西1～3丁目,火曜日・金曜日,木曜日,第1木曜日
門司区,黒川東1～2丁目,火曜日・金曜日,木曜日,第1木曜日
門司区,黄金町,火曜日・金曜日,月曜日,第2火曜日
門司区,小松町,火曜日・金曜日,月曜日,第2水曜日
門司区,小森江1～3丁目,火曜日・金曜日,木曜日,第1金曜日
門司区,栄町,月曜日・木曜日,火曜日,第1木曜日
門司区,大字猿喰,火曜日・金曜日,木曜日,第1月曜日
門司区,寺内1～5丁目,火曜日・金曜日,木曜日,第2月曜日
門司区,下二十町,火曜日・金曜日,月曜日,第2月曜日
門司区,下馬寄,火曜日・金曜日,月曜日,第2水曜日
門司区,社ノ木1～2丁目,火曜日・金曜日,月曜日,第2木曜日
門司区,庄司町,月曜日・木曜日,火曜日,第1水曜日
門司区,大字白野江,火曜日・金曜日,木曜日,第1火曜日
門司区,白野江1～4丁目,火曜日・金曜日,木曜日,第1火曜日
門司区,城山町,火曜日・金曜日,木曜日,第2月曜日
門司区,新開,火曜日・金曜日,木曜日,第1火曜日
門司区,新原町,火曜日・金曜日,月曜日,第2水曜日
門司区,新門司1～3丁目,火曜日・金曜日,木曜日,第1月曜日
門司区,新門司北1～3丁目,火曜日・金曜日,木曜日,第1月曜日
門司区,瀬戸町,火曜日・金曜日,木曜日,第1水曜日
門司区,大字大里（一部）,火曜日・金曜日,月曜日,第2月曜日
門司区,大字大里（一部）,火曜日・金曜日,木曜日,第2月曜日
門司区,大里桜ケ丘,火曜日・金曜日,木曜日,第2月曜日
門司区,大里新町,火曜日・金曜日,月曜日,第2火曜日
門司区,大里戸ノ上1丁目,火曜日・金曜日,月曜日,第2火曜日
門司区,大里戸ノ上2～4丁目,火曜日・金曜日,木曜日,第2火曜日
門司区,大里原町,火曜日・金曜日,月曜日,第2水曜日
門司区,大里東1丁目,火曜日・金曜日,月曜日,第1金曜日
門司区,大里東2～5丁目,火曜日・金曜日,木曜日,第1金曜日
門司区,大里東口,火曜日・金曜日,月曜日,第2火曜日
門司区,大里本町1～3丁目,火曜日・金曜日,月曜日,第2火曜日
門司区,大里桃山町,火曜日・金曜日,月曜日,第2水曜日
門司区,高砂町,火曜日・金曜日,木曜日,第1木曜日
門司区,高田1～2丁目,火曜日・金曜日,月曜日,第2火曜日
門司区,太刀浦海岸,火曜日・金曜日,木曜日,第1火曜日
門司区,谷町1～2丁目,月曜日・木曜日,火曜日,第1水曜日
門司区,大字田野浦,火曜日・金曜日,木曜日,第1火曜日
門司区,田野浦1～3丁目,火曜日・金曜日,木曜日,第1火曜日
門司区,田野浦海岸,火曜日・金曜日,木曜日,第1火曜日
門司区,大字恒見,火曜日・金曜日,木曜日,第1月曜日
門司区,恒見町,火曜日・金曜日,木曜日,第1月曜日
門司区,永黒1～2丁目,火曜日・金曜日,木曜日,第2月曜日
門司区,長谷1～2丁目,月曜日・木曜日,火曜日,第1木曜日
門司区,中二十町,火曜日・金曜日,木曜日,第2月曜日
門司区,中町,火曜日・金曜日,月曜日,第2火曜日
門司区,鳴竹1丁目（一部）,月曜日・木曜日,火曜日,第1火曜日
門司区,鳴竹1丁目（一部）,火曜日・金曜日,木曜日,第1火曜日
門司区,鳴竹2丁目,火曜日・金曜日,木曜日,第1火曜日
門司区,西海岸1～3丁目,月曜日・木曜日,火曜日,第1木曜日
門司区,錦町,月曜日・木曜日,火曜日,第1木曜日
門司区,西新町1～2丁目,火曜日・金曜日,月曜日,第2木曜日
門司区,大字畑（一部）,月曜日・木曜日,火曜日,第1月曜日
門司区,大字畑（一部）,火曜日・金曜日,木曜日,第1月曜日
門司区,畑田町,月曜日・木曜日,火曜日,第1水曜日
門司区,浜町,月曜日・木曜日,火曜日,第1水曜日
門司区,羽山1～2丁目,火曜日・金曜日,木曜日,第1金曜日
門司区,原町別院,火曜日・金曜日,月曜日,第2水曜日
門司区,東新町1～2丁目,火曜日・金曜日,月曜日,第2木曜日
門司区,東本町1～2丁目,月曜日・木曜日,火曜日,第1水曜日
門司区,東馬寄,火曜日・金曜日,月曜日,第2水曜日
門司区,東港町,月曜日・木曜日,火曜日,第1水曜日
門司区,東門司1～2丁目,月曜日・木曜日,火曜日,第1水曜日
門司区,光町1～2丁目,火曜日・金曜日,月曜日,第2木曜日
門司区,大字柄杓田,火曜日・金曜日,木曜日,第1月曜日
門司区,柄杓田町,火曜日・金曜日,木曜日,第1月曜日
門司区,広石1～2丁目,火曜日・金曜日,木曜日,第1木曜日
門司区,藤松1～3丁目,火曜日・金曜日,月曜日,第2木曜日
門司区,二タ松町,火曜日・金曜日,木曜日,第1金曜日
門司区,不老町1～2丁目,火曜日・金曜日,月曜日,第2火曜日
門司区,別院,火曜日・金曜日,月曜日,第2水曜日
門司区,法師庵,月曜日・木曜日,火曜日,第1水曜日
門司区,本町,月曜日・木曜日,火曜日,第1木曜日
門司区,松崎町,火曜日・金曜日,木曜日,第2月曜日
門司区,松原1～3丁目,火曜日・金曜日,月曜日,第2火曜日
門司区,丸山1丁目,月曜日・木曜日,火曜日,第1木曜日
門司区,丸山2丁目（一部）,月曜日・木曜日,火曜日,第1木曜日
門司区,丸山2丁目（一部）,火曜日・金曜日,木曜日,第1木曜日
門司区,丸山3～4丁目,月曜日・木曜日,火曜日,第1木曜日
門司区,丸山吉野町,火曜日・金曜日,木曜日,第1木曜日
門司区,緑ケ丘,火曜日・金曜日,月曜日,第2水曜日
門司区,港町,月曜日・木曜日,火曜日,第1木曜日
門司区,南本町,火曜日・金曜日,木曜日,第1金曜日
門司区,大字門司,月曜日・木曜日,火曜日,第1水曜日
門司区,元清滝,火曜日・金曜日,木曜日,第1木曜日
門司区,桃山台,火曜日・金曜日,月曜日,第2月曜日
門司区,柳原町,火曜日・金曜日,月曜日,第2水曜日
門司区,柳町1～4丁目,火曜日・金曜日,月曜日,第2火曜日
門司区,矢筈町,火曜日・金曜日,木曜日,第1金曜日
小倉北区,青葉1～2丁目,月曜日・木曜日,火曜日,第4水曜日
小倉北区,赤坂1～5丁目,月曜日・木曜日,金曜日,第2金曜日
小倉北区,浅野1～3丁目,火曜日・金曜日,月曜日,第4月曜日
小倉北区,朝日ケ丘,火曜日・金曜日,月曜日,第4金曜日
小倉北区,大字足原,月曜日・木曜日,金曜日,第3火曜日
小倉北区,足原1～2丁目,月曜日・木曜日,火曜日,第3火曜日
小倉北区,愛宕1～2丁目,月曜日・木曜日,火曜日,第4水曜日
小倉北区,足立1～3丁目,月曜日・木曜日,金曜日,第3火曜日
小倉北区,泉台1～4丁目,月曜日・木曜日,火曜日,第1水曜日
小倉北区,板櫃町,月曜日・木曜日,火曜日,第4金曜日
小倉北区,井堀1～5丁目,火曜日・金曜日,月曜日,第4金曜日
小倉北区,今町1～3丁目,火曜日・金曜日,木曜日,第1木曜日
小倉北区,鋳物師町,月曜日・木曜日,火曜日,第4水曜日
小倉北区,魚町1～4丁目,火曜日・金曜日,月曜日,第4月曜日
小倉北区,宇佐町1～2丁目,火曜日・金曜日,月曜日,第3金曜日
小倉北区,江南町,火曜日・金曜日,月曜日,第4月曜日
小倉北区,大田町,月曜日・木曜日,金曜日,第3金曜日
小倉北区,大手町,月曜日・木曜日,金曜日,第4火曜日
小倉北区,大畠1～3丁目,月曜日・木曜日,金曜日,第3月曜日
小倉北区,鍛冶町1～2丁目,火曜日・金曜日,月曜日,第4月曜日
小倉北区,片野1～5丁目,火曜日・金曜日,月曜日,第3木曜日
小倉北区,片野新町1～3丁目,火曜日・金曜日,木曜日,第3水曜日
小倉北区,金田1～2丁目,月曜日・木曜日,金曜日,第4水曜日
小倉北区,金田3丁目,月曜日・木曜日,火曜日,第4水曜日
小倉北区,上到津1丁目,火曜日・金曜日,月曜日,第1月曜日
小倉北区,上到津2丁目（1番）,月曜日・木曜日,火曜日,第1月曜日
小倉北区,上到津2丁目（1番を除く）,火曜日・金曜日,月曜日,第1月曜日
小倉北区,上到津3～4丁目,火曜日・金曜日,月曜日,第1月曜日
小倉北区,上富野1～5丁目,月曜日・木曜日,金曜日,第2金曜日
小倉北区,香春口1丁目,月曜日・木曜日,金曜日,第4火曜日
小倉北区,香春口2丁目,火曜日・金曜日,月曜日,第4火曜日
小倉北区,神岳1～2丁目,月曜日・木曜日,金曜日,第3金曜日
小倉北区,貴船町,月曜日・木曜日,金曜日,第3木曜日
小倉北区,木町1丁目,月曜日・木曜日,金曜日,第1火曜日
小倉北区,木町2～3丁目,月曜日・木曜日,火曜日,第1火曜日
小倉北区,木町4丁目,月曜日・木曜日,金曜日,第1火曜日
小倉北区,京町1～4丁目,火曜日・金曜日,月曜日,第4月曜日
小倉北区,清水1～5丁目,月曜日・木曜日,火曜日,第1火曜日
小倉北区,霧ケ丘1～3丁目,月曜日・木曜日,火曜日,第3火曜日
小倉北区,金鶏町,月曜日・木曜日,火曜日,第1月曜日
小倉北区,熊谷1～5丁目,火曜日・金曜日,木曜日,第1木曜日
小倉北区,熊本1～4丁目,月曜日・木曜日,火曜日,第3金曜日
小倉北区,黒住町,火曜日・金曜日,木曜日,第3水曜日
小倉北区,黒原1～3丁目,月曜日・木曜日,火曜日,第3火曜日
小倉北区,黄金1丁目,月曜日・木曜日,金曜日,第3木曜日
小倉北区,黄金2丁目,月曜日・木曜日,火曜日,第3木曜日
小倉北区,米町1～2丁目,火曜日・金曜日,月曜日,第4月曜日
小倉北区,小文字1～2丁目,月曜日・木曜日,金曜日,第3月曜日
小倉北区,紺屋町,火曜日・金曜日,月曜日,第4月曜日
小倉北区,菜園場1～2丁目,月曜日・木曜日,火曜日,第4水曜日
小倉北区,堺町1～2丁目,火曜日・金曜日,月曜日,第4月曜日
小倉北区,三郎丸1～2丁目,火曜日・金曜日,木曜日,第3水曜日
小倉北区,三郎丸3丁目,火曜日・金曜日,月曜日,第3水曜日
小倉北区,皿山町,月曜日・木曜日,火曜日,第1火曜日
小倉北区,山門町,月曜日・木曜日,金曜日,第3火曜日
小倉北区,重住三丁目,火曜日・金曜日,木曜日,第3水曜日
小倉北区,篠崎1丁目（1～6番）,月曜日・木曜日,火曜日,第1水曜日
小倉北区,篠崎1丁目（7～10番）,火曜日・金曜日,木曜日,第1水曜日
小倉北区,篠崎2～5丁目,火曜日・金曜日,木曜日,第1水曜日
小倉北区,下到津1丁目,月曜日・木曜日,火曜日,第1月曜日
小倉北区,下到津2～3丁目,火曜日・金曜日,月曜日,第1月曜日
小倉北区,下到津4～5丁目,月曜日・木曜日,火曜日,第1月曜日
小倉北区,下富野1～5丁目,月曜日・木曜日,金曜日,第3月曜日
小倉北区,寿山町,月曜日・木曜日,金曜日,第3火曜日
小倉北区,城内,月曜日・木曜日,金曜日,第4水曜日
小倉北区,城野団地,火曜日・金曜日,木曜日,第3水曜日
小倉北区,昭和町,月曜日・木曜日,金曜日,第4火曜日
小倉北区,白銀1丁目,月曜日・木曜日,金曜日,第4火曜日
小倉北区,白銀2丁目,月曜日・木曜日,火曜日,第4火曜日
小倉北区,白萩町,火曜日・金曜日,月曜日,第4金曜日
小倉北区,神幸町,月曜日・木曜日,金曜日,第3月曜日
小倉北区,新高田1～2丁目,月曜日・木曜日,火曜日,第1水曜日
小倉北区,親和町,火曜日・金曜日,月曜日,第4水曜日
小倉北区,末広1～2丁目,月曜日・木曜日,金曜日,第4月曜日
小倉北区,須賀町,月曜日・木曜日,金曜日,第2金曜日
小倉北区,砂津1～3丁目,月曜日・木曜日,金曜日,第4月曜日
小倉北区,船頭町,火曜日・金曜日,月曜日,第4月曜日
小倉北区,船場町,火曜日・金曜日,月曜日,第4月曜日
小倉北区,大門1～2丁目,月曜日・木曜日,金曜日,第4水曜日
小倉北区,高尾1丁目,月曜日・木曜日,火曜日,第1水曜日
小倉北区,高尾2丁目,火曜日・金曜日,木曜日,第1水曜日
小倉北区,高浜1～2丁目,月曜日・木曜日,金曜日,第2金曜日
小倉北区,高坊1～2丁目,火曜日・金曜日,木曜日,第3水曜日
小倉北区,高見台,火曜日・金曜日,月曜日,第4木曜日
小倉北区,高峰町,火曜日・金曜日,月曜日,第4金曜日
小倉北区,竪林町,月曜日・木曜日,火曜日,第1火曜日
小倉北区,竪町1～2丁目,月曜日・木曜日,金曜日,第4水曜日
小倉北区,田町,月曜日・木曜日,金曜日,第4水曜日
小倉北区,常盤町,月曜日・木曜日,金曜日,第3月曜日
小倉北区,大字富野,月曜日・木曜日,金曜日,第2金曜日
小倉北区,富野台,月曜日・木曜日,金曜日,第2金曜日
小倉北区,中井1～5丁目,火曜日・金曜日,月曜日,第4木曜日
小倉北区,中井口（一部）,月曜日・木曜日,火曜日,第4木曜日
小倉北区,中井口（一部）,火曜日・金曜日,月曜日,第4木曜日
小倉北区,中井浜,火曜日・金曜日,月曜日,第4水曜日
小倉北区,中島1～2丁目,月曜日・木曜日,金曜日,第4火曜日
小倉北区,中津口1～2丁目,火曜日・金曜日,月曜日,第4月曜日
小倉北区,長浜町,月曜日・木曜日,金曜日,第4月曜日
小倉北区,西港町（一部）,月曜日・木曜日,火曜日,第4水曜日
小倉北区,西港町（一部）,火曜日・金曜日,月曜日,第4水曜日
小倉北区,萩崎町,火曜日・金曜日,月曜日,第4月曜日
小倉北区,馬借1丁目（13・16番）,月曜日・木曜日,金曜日,第4火曜日
小倉北区,馬借1丁目（13・16番を除く）,火曜日・金曜日,月曜日,第4火曜日
小倉北区,馬借2丁目 （3・4・7番の一部）,月曜日・木曜日,金曜日,第4火曜日
小倉北区,馬借2丁目（ 3・4・7番の一部を除く）,火曜日・金曜日,月曜日,第4火曜日
小倉北区,馬借3丁目,火曜日・金曜日,月曜日,第4火曜日
小倉北区,原町1～2丁目,月曜日・木曜日,金曜日,第1火曜日
小倉北区,日明1～5丁目,月曜日・木曜日,火曜日,第4木曜日
小倉北区,東篠崎1丁目（24・25番）,火曜日・金曜日,木曜日,第3木曜日
小倉北区,東篠崎1丁目（24・25番を除く）,月曜日・木曜日,火曜日,第3木曜日
小倉北区,東篠崎2丁目,火曜日・金曜日,木曜日,第3木曜日
小倉北区,東篠崎3丁目,月曜日・木曜日,火曜日,第3木曜日
小倉北区,東城野町,火曜日・金曜日,木曜日,第3水曜日
小倉北区,東港1～2丁目,月曜日・木曜日,火曜日,第4水曜日
小倉北区,平松町,月曜日・木曜日,火曜日,第4水曜日
小倉北区,古船場町,火曜日・金曜日,月曜日,第4月曜日
小倉北区,弁天町,月曜日・木曜日,火曜日,第1火曜日
小倉北区,真鶴1～2丁目,月曜日・木曜日,火曜日,第1月曜日
小倉北区,緑ケ丘1～3丁目,月曜日・木曜日,火曜日,第4金曜日
小倉北区,南丘1～3丁目,火曜日・金曜日,木曜日,第1木曜日
小倉北区,三萩野1～3丁目,火曜日・金曜日,月曜日,第3金曜日
小倉北区,都1～2丁目,火曜日・金曜日,月曜日,第1月曜日
小倉北区,妙見町,月曜日・木曜日,金曜日,第3火曜日
小倉北区,室町1～3丁目,月曜日・木曜日,金曜日,第4水曜日
小倉北区,明和町,火曜日・金曜日,月曜日,第3金曜日
小倉北区,吉野町,月曜日・木曜日,金曜日,第4火曜日
小倉北区,若富士町,火曜日・金曜日,木曜日,第3水曜日
小倉南区,安部山,月曜日・木曜日,火曜日,第3金曜日
小倉南区,大字石田,火曜日・金曜日,月曜日,第3月曜日
小倉南区,石田町,月曜日・木曜日,金曜日,第3水曜日
小倉南区,石田南1～3丁目,月曜日・木曜日,金曜日,第3月曜日
小倉南区,大字石原町,月曜日・木曜日,金曜日,第2水曜日
小倉南区,大字市丸,月曜日・木曜日,金曜日,第2水曜日
小倉南区,大字井手浦,月曜日・木曜日,金曜日,第2水曜日
小倉南区,大字合馬,月曜日・木曜日,金曜日,第2水曜日
小倉南区,大字長行（一部）,月曜日・木曜日,金曜日,第2火曜日
小倉南区,大字長行（一部）,火曜日・金曜日,月曜日,第2火曜日
小倉南区,長行西1～5丁目,火曜日・金曜日,月曜日,第2火曜日
小倉南区,長行東1～3丁目,火曜日・金曜日,月曜日,第2火曜日
小倉南区,大字頂吉,月曜日・木曜日,金曜日,第2水曜日
小倉南区,隠蓑,月曜日・木曜日,金曜日,第3水曜日
小倉南区,大字隠蓑,月曜日・木曜日,金曜日,第3水曜日
小倉南区,上石田1～4丁目,月曜日・木曜日,金曜日,第3水曜日
小倉南区,上葛原1～2丁目,月曜日・木曜日,火曜日,第3金曜日
小倉南区,上曽根1～5丁目,月曜日・木曜日,金曜日,第4金曜日
小倉南区,上曽根新町,月曜日・木曜日,金曜日,第4金曜日
小倉南区,上貫1～3丁目,月曜日・木曜日,金曜日,第4木曜日
小倉南区,上吉田1～6丁目,月曜日・木曜日,火曜日,第4火曜日
小倉南区,蒲生1～5丁目,火曜日・金曜日,月曜日,第1金曜日
小倉南区,企救丘1～3丁目,月曜日・木曜日,金曜日,第2木曜日
小倉南区,企救丘4丁目（一部）,月曜日・木曜日,金曜日,第2木曜日
小倉南区,企救丘4丁目（一部）,火曜日・金曜日,木曜日,第2木曜日
小倉南区,企救丘5～6丁目,火曜日・金曜日,木曜日,第2木曜日
小倉南区,北方1丁目（一部）,月曜日・木曜日,木曜日,第1金曜日
小倉南区,北方1丁目（一部）,火曜日・金曜日,木曜日,第1金曜日
小倉南区,北方2～5丁目,火曜日・金曜日,木曜日,第1金曜日
小倉南区,大字木下,月曜日・木曜日,金曜日,第2水曜日
小倉南区,大字朽網,月曜日・木曜日,金曜日,第4金曜日
小倉南区,朽網西1～6丁目,月曜日・木曜日,金曜日,第4金曜日
小倉南区,朽網東1～6丁目,月曜日・木曜日,金曜日,第4金曜日
小倉南区,葛原1～5丁目,月曜日・木曜日,火曜日,第3金曜日
小倉南区,葛原高松1～2丁目,月曜日・木曜日,火曜日,第3金曜日
小倉南区,葛原東1～6丁目,月曜日・木曜日,金曜日,第4月曜日
小倉南区,葛原本町1丁目（一部）,月曜日・木曜日,火曜日,第3金曜日
小倉南区,葛原本町1丁目（一部）,月曜日・木曜日,金曜日,第3金曜日
小倉南区,葛原本町2～5丁目,月曜日・木曜日,火曜日,第3金曜日
小倉南区,葛原本町6丁目,月曜日・木曜日,金曜日,第3金曜日
小倉南区,葛原元町1丁目,月曜日・木曜日,金曜日,第3金曜日
小倉南区,葛原元町2丁目,月曜日・木曜日,金曜日,第3金曜日
小倉南区,葛原元町3丁目,月曜日・木曜日,金曜日,第3金曜日
小倉南区,大字小森,月曜日・木曜日,金曜日,第2水曜日
小倉南区,大字志井（一部）,月曜日・木曜日,金曜日,第2火曜日
小倉南区,大字志井（一部）,火曜日・金曜日,月曜日,第2火曜日
小倉南区,志井1～6丁目,火曜日・金曜日,月曜日,第2金曜日
小倉南区,志井公園,火曜日・金曜日,月曜日,第2金曜日
小倉南区,志井鷹羽台,火曜日・金曜日,月曜日,第2火曜日
小倉南区,重住1～2丁目,月曜日・木曜日,火曜日,第1金曜日
小倉南区,志徳1～2丁目,火曜日・金曜日,木曜日,第2木曜日
小倉南区,下石田1～3丁目,月曜日・木曜日,金曜日,第3水曜日
小倉南区,下城野1～2丁目,月曜日・木曜日,火曜日,第1金曜日
小倉南区,下城野3丁目（一部）,月曜日・木曜日,火曜日,第1金曜日
小倉南区,下城野3丁目（一部）,火曜日・金曜日,木曜日,第1金曜日
小倉南区,下曽根1～4丁目,月曜日・木曜日,金曜日,第4水曜日
小倉南区,下曽根新町,月曜日・木曜日,金曜日,第4水曜日
小倉南区,下貫1～4丁目,月曜日・木曜日,金曜日,第4木曜日
小倉南区,下南方1～2丁目,火曜日・金曜日,月曜日,第2月曜日
小倉南区,下吉田1～4丁目,火曜日・金曜日,木曜日,第4火曜日
小倉南区,城野1～4丁目,月曜日・木曜日,火曜日,第1金曜日
小倉南区,新曽根,月曜日・木曜日,金曜日,第4月曜日
小倉南区,大字新道寺,月曜日・木曜日,金曜日,第2水曜日
小倉南区,星和台1丁目,火曜日・金曜日,木曜日,第3火曜日
小倉南区,星和台2丁目（一部）,月曜日・木曜日,木曜日,第3火曜日
小倉南区,星和台2丁目（一部）,火曜日・金曜日,木曜日,第3火曜日
小倉南区,大字曽根,月曜日・木曜日,金曜日,第4水曜日
小倉南区,曽根北町,月曜日・木曜日,金曜日,第4水曜日
小倉南区,大字曽根新田,月曜日・木曜日,金曜日,第4金曜日
小倉南区,曽根新田北1～2丁目,月曜日・木曜日,金曜日,第4水曜日
小倉南区,曽根新田北3～5・7丁目,月曜日・木曜日,金曜日,第4金曜日
小倉南区,曽根新田南1丁目,月曜日・木曜日,金曜日,第4水曜日
小倉南区,曽根新田南2～4丁目,月曜日・木曜日,金曜日,第4金曜日
小倉南区,大字高津尾,月曜日・木曜日,金曜日,第2火曜日
小倉南区,高野1～6丁目,火曜日・金曜日,月曜日,第2火曜日
小倉南区,大字田代,月曜日・木曜日,金曜日,第2水曜日
小倉南区,田原1～5丁目,月曜日・木曜日,金曜日,第4木曜日
小倉南区,田原新町1～3丁目,月曜日・木曜日,金曜日,第4水曜日
小倉南区,大字辻三,月曜日・木曜日,金曜日,第2水曜日
小倉南区,津田1～5丁目,月曜日・木曜日,金曜日,第4水曜日
小倉南区,津田新町1～4丁目,月曜日・木曜日,金曜日,第4月曜日
小倉南区,津田南町,月曜日・木曜日,金曜日,第4月曜日
小倉南区,大字道原,月曜日・木曜日,金曜日,第2水曜日
小倉南区,大字徳吉,月曜日・木曜日,金曜日,第2火曜日
小倉南区,徳吉西1～3丁目,火曜日・金曜日,月曜日,第2火曜日
小倉南区,徳吉東1～5丁目,火曜日・金曜日,月曜日,第2火曜日
小倉南区,徳吉南1～2丁目,月曜日・木曜日,金曜日,第2火曜日
小倉南区,徳吉南3丁目（一部）,月曜日・木曜日,金曜日,第2火曜日
小倉南区,徳吉南3丁目（一部）,火曜日・金曜日,月曜日,第2火曜日
小倉南区,徳吉南4丁目,月曜日・木曜日,金曜日,第2火曜日
小倉南区,徳力1・6丁目,火曜日・金曜日,月曜日,第2月曜日
小倉南区,徳力2丁目,火曜日・金曜日,月曜日,第2木曜日
小倉南区,徳力3・4・5・7丁目,火曜日・金曜日,月曜日,第2金曜日
小倉南区,徳力新町1～2丁目,火曜日・金曜日,月曜日,第2月曜日
小倉南区,徳力団地,火曜日・金曜日,月曜日,第2月曜日
小倉南区,長尾1～6丁目,火曜日・金曜日,月曜日,第2火曜日
小倉南区,中曽根1～6丁目,月曜日・木曜日,金曜日,第4水曜日
小倉南区,中曽根新町,月曜日・木曜日,金曜日,第4水曜日
小倉南区,中曽根東1～6丁目,月曜日・木曜日,金曜日,第4水曜日
小倉南区,中貫1～2丁目,月曜日・木曜日,金曜日,第4木曜日
小倉南区,中貫本町,月曜日・木曜日,金曜日,第4木曜日
小倉南区,大字長野,月曜日・木曜日,金曜日,第4月曜日
小倉南区,長野1～3丁目,月曜日・木曜日,金曜日,第4月曜日
小倉南区,長野東町,月曜日・木曜日,金曜日,第4月曜日
小倉南区,長野本町1～4丁目,月曜日・木曜日,金曜日,第4月曜日
小倉南区,中吉田1～4丁目,月曜日・木曜日,火曜日,第4火曜日
小倉南区,中吉田5丁目（一部）,月曜日・木曜日,火曜日,第4火曜日
小倉南区,中吉田5丁目（一部）,火曜日・金曜日,木曜日,第4火曜日
小倉南区,中吉田6丁目,月曜日・木曜日,火曜日,第4火曜日
小倉南区,西貫1～2丁目,月曜日・木曜日,金曜日,第4木曜日
小倉南区,西水町,月曜日・木曜日,火曜日,第1金曜日
小倉南区,蜷田若園1～3丁目,月曜日・木曜日,火曜日,第3木曜日
小倉南区,大字貫,月曜日・木曜日,金曜日,第4木曜日
小倉南区,貫弥生が丘1～4丁目,月曜日・木曜日,金曜日,第4木曜日
小倉南区,沼新町1～3丁目,月曜日・木曜日,火曜日,第4火曜日
小倉南区,沼本町1～4丁目,月曜日・木曜日,火曜日,第4火曜日
小倉南区,沼緑町1～5丁目,月曜日・木曜日,火曜日,第4月曜日
小倉南区,沼南町1～3丁目,月曜日・木曜日,金曜日,第4月曜日
小倉南区,八幡町,月曜日・木曜日,火曜日,第1金曜日
小倉南区,葉山町1丁目（一部）,月曜日・木曜日,金曜日,第3火曜日
小倉南区,葉山町1丁目（一部）,火曜日・金曜日,木曜日,第3火曜日
小倉南区,葉山町2～3丁目,火曜日・金曜日,木曜日,第3火曜日
小倉南区,春ケ丘（一部）,月曜日・木曜日,火曜日,第1金曜日
小倉南区,春ケ丘（一部）,火曜日・金曜日,木曜日,第1金曜日
小倉南区,大字春吉,月曜日・木曜日,金曜日,第2水曜日
小倉南区,東貫1～3丁目,月曜日・木曜日,金曜日,第4木曜日
小倉南区,東水町,月曜日・木曜日,火曜日,第1金曜日
小倉南区,日の出町1～2丁目,火曜日・金曜日,木曜日,第3火曜日
小倉南区,平尾台1～3丁目,月曜日・木曜日,金曜日,第2水曜日
小倉南区,富士見1～3丁目,月曜日・木曜日,火曜日,第1金曜日
小倉南区,大字堀越,火曜日・金曜日,月曜日,第3月曜日
小倉南区,舞ケ丘1～6丁目,月曜日・木曜日,金曜日,第3水曜日
小倉南区,大字南方,火曜日・金曜日,月曜日,第2月曜日
小倉南区,南方1～5丁目,火曜日・金曜日,月曜日,第2月曜日
小倉南区,南若園町,月曜日・木曜日,金曜日,第3火曜日
小倉南区,大字母原,月曜日・木曜日,金曜日,第2火曜日
小倉南区,守恒1～5丁目,火曜日・金曜日,木曜日,第3月曜日
小倉南区,守恒本町1～3丁目,火曜日・金曜日,木曜日,第3月曜日
小倉南区,八重洲町,月曜日・木曜日,金曜日,第3水曜日
小倉南区,山手1丁目,火曜日・金曜日,木曜日,第3月曜日
小倉南区,山手2丁目（一部）,月曜日・木曜日,木曜日,第3月曜日
小倉南区,山手2丁目（一部）,火曜日・金曜日,木曜日,第3月曜日
小倉南区,山手3丁目,月曜日・木曜日,金曜日,第3月曜日
小倉南区,大字山本,月曜日・木曜日,金曜日,第2水曜日
小倉南区,湯川1～5丁目,月曜日・木曜日,火曜日,第3木曜日
小倉南区,湯川新町1～4丁目,月曜日・木曜日,火曜日,第3木曜日
小倉南区,大字横代,月曜日・木曜日,金曜日,第3水曜日
小倉南区,横代北町1～5丁目,月曜日・木曜日,金曜日,第3水曜日
小倉南区,横代葉山,月曜日・木曜日,金曜日,第3水曜日
小倉南区,横代東町1～5丁目,月曜日・木曜日,金曜日,第3水曜日
小倉南区,横代南町1～5丁目,月曜日・木曜日,金曜日,第3水曜日
小倉南区,大字吉田,月曜日・木曜日,火曜日,第4火曜日
小倉南区,吉田にれの木坂1～2丁目,月曜日・木曜日,火曜日,第4火曜日
小倉南区,大字呼野,月曜日・木曜日,金曜日,第2水曜日
小倉南区,若園1～5丁目,月曜日・木曜日,火曜日,第3火曜日
若松区,青葉台西1～6丁目,火曜日・金曜日,月曜日,第1火曜日
若松区,青葉台東1～2丁目,火曜日・金曜日,月曜日,第1火曜日
若松区,青葉台南1～3丁目,火曜日・金曜日,月曜日,第1火曜日
若松区,赤岩町,火曜日・金曜日,木曜日,第1木曜日
若松区,赤崎町（一部）,月曜日・木曜日,金曜日,第2水曜日
若松区,赤崎町（一部）,火曜日・金曜日,月曜日,第2水曜日
若松区,赤島町,火曜日・金曜日,木曜日,第1金曜日
若松区,大字蜑住,火曜日・金曜日,月曜日,第1水曜日
若松区,大字有毛,火曜日・金曜日,月曜日,第1水曜日
若松区,大字安瀬,火曜日・金曜日,月曜日,第2水曜日
若松区,大字安屋,火曜日・金曜日,月曜日,第1水曜日
若松区,今光1～3丁目,火曜日・金曜日,木曜日,第1金曜日
若松区,栄盛川町（一部）,月曜日・木曜日,金曜日,第2火曜日
若松区,栄盛川町（一部）,火曜日・金曜日,木曜日,第2火曜日
若松区,老松1～2丁目,月曜日・木曜日,火曜日,第2火曜日
若松区,大池町,火曜日・金曜日,木曜日,第1金曜日
若松区,大井戸町（一部）,月曜日・木曜日,火曜日,第2火曜日
若松区,大井戸町（一部）,火曜日・金曜日,木曜日,第2火曜日
若松区,大谷町,火曜日・金曜日,木曜日,第2火曜日
若松区,大字大鳥居,火曜日・金曜日,月曜日,第1火曜日
若松区,大字小竹,火曜日・金曜日,月曜日,第1水曜日
若松区,大字乙丸,火曜日・金曜日,月曜日,第1水曜日
若松区,片山1～3丁目,火曜日・金曜日,木曜日,第1木曜日
若松区,上原町（一部）,月曜日・木曜日,金曜日,第2水曜日
若松区,上原町（一部）,火曜日・金曜日,月曜日,第2水曜日
若松区,上原町（一部）,火曜日・金曜日,木曜日,第2水曜日
若松区,鴨生田1～4丁目,火曜日・金曜日,月曜日,第1水曜日
若松区,北浜1～2丁目,月曜日・木曜日,火曜日,第2火曜日
若松区,北湊町（一部）,月曜日・木曜日,金曜日,第2火曜日
若松区,北湊町（一部）,月曜日・木曜日,火曜日,第2火曜日
若松区,響南町,月曜日・木曜日,金曜日,第2水曜日
若松区,くきのうみ中央,火曜日・金曜日,木曜日,第1金曜日
若松区,久岐の浜,火曜日・金曜日,木曜日,第2月曜日
若松区,大字小石,火曜日・金曜日,月曜日,第2水曜日
若松区,小石本村町（一部）,月曜日・木曜日,金曜日,第2水曜日
若松区,小石本村町（一部）,火曜日・金曜日,月曜日,第2水曜日
若松区,小糸町,火曜日・金曜日,月曜日,第2水曜日
若松区,大字小敷,火曜日・金曜日,月曜日,第1水曜日
若松区,小敷ひびきの1～3丁目,火曜日・金曜日,月曜日,第1水曜日
若松区,桜町,月曜日・木曜日,火曜日,第2火曜日
若松区,迫田町,火曜日・金曜日,月曜日,第2水曜日
若松区,大字塩屋,火曜日・金曜日,月曜日,第1水曜日
若松区,塩屋1～4丁目,火曜日・金曜日,月曜日,第1水曜日
若松区,下原町（一部）,月曜日・木曜日,金曜日,第2水曜日
若松区,下原町（一部）,火曜日・金曜日,月曜日,第2水曜日
若松区,新大谷町,火曜日・金曜日,木曜日,第2火曜日
若松区,大字修多羅,火曜日・金曜日,木曜日,第2月曜日
若松区,修多羅1～3丁目,火曜日・金曜日,木曜日,第2月曜日
若松区,大字高須,火曜日・金曜日,月曜日,第1月曜日
若松区,高須北1～3丁目,火曜日・金曜日,月曜日,第1月曜日
若松区,高須西1丁目,火曜日・金曜日,月曜日,第1月曜日
若松区,高須西2丁目（1番）,月曜日・木曜日,金曜日,第1月曜日
若松区,高須西2丁目（2～8番）,火曜日・金曜日,月曜日,第1月曜日
若松区,高須東1～4丁目,月曜日・木曜日,火曜日,第1月曜日
若松区,高須南1～5丁目,月曜日・木曜日,火曜日,第1月曜日
若松区,大字竹並,火曜日・金曜日,月曜日,第1水曜日
若松区,棚田町,火曜日・金曜日,月曜日,第2水曜日
若松区,童子丸1～2丁目,火曜日・金曜日,木曜日,第1木曜日
若松区,大字頓田,火曜日・金曜日,月曜日,第1水曜日
若松区,中川町,月曜日・木曜日,火曜日,第2月曜日
若松区,中畑町,火曜日・金曜日,月曜日,第2水曜日
若松区,波打町,月曜日・木曜日,金曜日,第2火曜日
若松区,西小石町,月曜日・木曜日,金曜日,第2水曜日
若松区,西園町（一部）,月曜日・木曜日,火曜日,第2火曜日
若松区,西園町（一部）,火曜日・金曜日,木曜日,第2火曜日
若松区,西天神町,火曜日・金曜日,木曜日,第1木曜日
若松区,西畑町,火曜日・金曜日,木曜日,第2火曜日
若松区,白山1丁目（一部）,月曜日・木曜日,火曜日,第2月曜日
若松区,白山1丁目（一部）,火曜日・金曜日,木曜日,第2月曜日
若松区,白山2～3丁目,火曜日・金曜日,木曜日,第2月曜日
若松区,大字畠田,火曜日・金曜日,月曜日,第1水曜日
若松区,畠田1～2丁目,火曜日・金曜日,木曜日,第1水曜日
若松区,畠田3丁目,火曜日・金曜日,月曜日,第1水曜日
若松区,畑谷町,火曜日・金曜日,木曜日,第2火曜日
若松区,花野路1～3丁目,火曜日・金曜日,月曜日,第1水曜日
若松区,浜町1～3丁目,月曜日・木曜日,火曜日,第2月曜日
若松区,大字払川,火曜日・金曜日,月曜日,第1水曜日
若松区,原町,月曜日・木曜日,金曜日,第2水曜日
若松区,東小石町,月曜日・木曜日,金曜日,第2水曜日
若松区,東畑町,火曜日・金曜日,木曜日,第2火曜日
若松区,東二島1～5丁目,火曜日・金曜日,木曜日,第1木曜日
若松区,ひびきの,火曜日・金曜日,月曜日,第1水曜日
若松区,ひびきの南1～2丁目,火曜日・金曜日,月曜日,第1水曜日
若松区,響町1丁目,火曜日・金曜日,月曜日,第2水曜日
若松区,深町1丁目（一部）,月曜日・木曜日,金曜日,第2火曜日
若松区,深町1丁目（一部）,火曜日・金曜日,木曜日,第2火曜日
若松区,深町2丁目（一部）,月曜日・木曜日,金曜日,第2火曜日
若松区,深町2丁目（一部）,火曜日・金曜日,木曜日,第2火曜日
若松区,藤ノ木1～3丁目,火曜日・金曜日,木曜日,第1金曜日
若松区,大字二島,火曜日・金曜日,木曜日,第1木曜日
若松区,二島1～6丁目,火曜日・金曜日,木曜日,第1木曜日
若松区,古前1～2丁目,火曜日・金曜日,木曜日,第1金曜日
若松区,本町1～3丁目,月曜日・木曜日,火曜日,第2月曜日
若松区,南二島1・2・4丁目,火曜日・金曜日,木曜日,第1木曜日
若松区,宮前町,火曜日・金曜日,月曜日,第2水曜日
若松区,宮丸1～2丁目,火曜日・金曜日,木曜日,第1金曜日
若松区,山手町,火曜日・金曜日,木曜日,第2月曜日
若松区,山ノ堂町,火曜日・金曜日,木曜日,第2火曜日
若松区,百合野町,火曜日・金曜日,木曜日,第1金曜日
若松区,用勺町,火曜日・金曜日,木曜日,第1金曜日
若松区,和田町,火曜日・金曜日,木曜日,第1金曜日
八幡東区,荒手1～2丁目,火曜日・金曜日,木曜日,第3木曜日
八幡東区,荒生田1～3丁目,火曜日・金曜日,木曜日,第3金曜日
八幡東区,石坪町,火曜日・金曜日,木曜日,第3水曜日
八幡東区,猪倉町,火曜日・金曜日,木曜日,第4月曜日
八幡東区,祝町1～2丁目,火曜日・金曜日,木曜日,第3金曜日
八幡東区,枝光1～5丁目,火曜日・金曜日,木曜日,第3木曜日
八幡東区,枝光本町,火曜日・金曜日,木曜日,第3木曜日
八幡東区,大字大蔵,火曜日・金曜日,木曜日,第4月曜日
八幡東区,大蔵1～3丁目,火曜日・金曜日,木曜日,第4月曜日
八幡東区,大谷1～2丁目,火曜日・金曜日,木曜日,第4水曜日
八幡東区,大平町,火曜日・金曜日,木曜日,第3水曜日
八幡東区,大宮町,火曜日・金曜日,木曜日,第3木曜日
八幡東区,大字尾倉,火曜日・金曜日,月曜日,第4水曜日
八幡東区,尾倉1～3丁目,火曜日・金曜日,月曜日,第4火曜日
八幡東区,勝山1～2丁目,火曜日・金曜日,木曜日,第4月曜日
八幡東区,上本町1～2丁目,火曜日・金曜日,木曜日,第3金曜日
八幡東区,神山町,火曜日・金曜日,月曜日,第4水曜日
八幡東区,河内1～3丁目,月曜日・木曜日,金曜日,第4月曜日
八幡東区,川淵町,火曜日・金曜日,木曜日,第3水曜日
八幡東区,祇園1～4丁目,火曜日・金曜日,月曜日,第4水曜日
八幡東区,祇園原町,火曜日・金曜日,月曜日,第4水曜日
八幡東区,清田1丁目(一部）,火曜日・金曜日,月曜日,第3水曜日
八幡東区,清田1丁目（一部）,火曜日・金曜日,木曜日,第3水曜日
八幡東区,清田2～4丁目,火曜日・金曜日,月曜日,第3水曜日
八幡東区,景勝町,火曜日・金曜日,木曜日,第4月曜日
八幡東区,大字小熊野,火曜日・金曜日,月曜日,第3水曜日
八幡東区,山路1～2丁目,火曜日・金曜日,木曜日,第3水曜日
八幡東区,山路1丁目（一部）,火曜日・金曜日,月曜日,第3水曜日
八幡東区,山路松尾町,火曜日・金曜日,月曜日,第3水曜日
八幡東区,山王1～4丁目,火曜日・金曜日,木曜日,第3金曜日
八幡東区,昭和1～2丁目,火曜日・金曜日,木曜日,第3水曜日
八幡東区,昭和3丁目,火曜日・金曜日,月曜日,第3水曜日
八幡東区,白川町,火曜日・金曜日,木曜日,第3木曜日
八幡東区,末広町,火曜日・金曜日,木曜日,第4月曜日
八幡東区,諏訪1～2丁目,火曜日・金曜日,木曜日,第3木曜日
八幡東区,高見1～5丁目,火曜日・金曜日,木曜日,第3金曜日
八幡東区,竹下町,火曜日・金曜日,木曜日,第3水曜日
八幡東区,田代町,月曜日・木曜日,金曜日,第4月曜日
八幡東区,茶屋町,火曜日・金曜日,木曜日,第3水曜日
八幡東区,中央1～3丁目,火曜日・金曜日,木曜日,第4月曜日
八幡東区,槻田1～2丁目,火曜日・金曜日,月曜日,第3水曜日
八幡東区,天神町,火曜日・金曜日,月曜日,第4水曜日
八幡東区,中尾1～3丁目,火曜日・金曜日,木曜日,第3金曜日
八幡東区,中畑1～2丁目,火曜日・金曜日,木曜日,第3水曜日
八幡東区,西台良町,火曜日・金曜日,月曜日,第4水曜日
八幡東区,西本町1～4丁目,火曜日・金曜日,月曜日,第4火曜日
八幡東区,西丸山町,火曜日・金曜日,木曜日,第4月曜日
八幡東区,羽衣町,火曜日・金曜日,木曜日,第4月曜日
八幡東区,八王寺町,火曜日・金曜日,木曜日,第3金曜日
八幡東区,花尾町,火曜日・金曜日,月曜日,第4水曜日
八幡東区,春の町1～5丁目,火曜日・金曜日,月曜日,第4火曜日
八幡東区,東田1～5丁目,火曜日・金曜日,木曜日,第3木曜日
八幡東区,東台良町,火曜日・金曜日,月曜日,第4水曜日
八幡東区,東鉄町,火曜日・金曜日,木曜日,第3金曜日
八幡東区,東丸山町,火曜日・金曜日,木曜日,第4月曜日
八幡東区,東山1～2丁目,火曜日・金曜日,木曜日,第3金曜日
八幡東区,日の出1～3丁目,火曜日・金曜日,木曜日,第3木曜日
八幡東区,平野1～3丁目,火曜日・金曜日,月曜日,第4火曜日
八幡東区,藤見町,火曜日・金曜日,木曜日,第3金曜日
八幡東区,帆柱1～5丁目,火曜日・金曜日,月曜日,第4水曜日
八幡東区,大字前田,火曜日・金曜日,月曜日,第4水曜日
八幡東区,前田1～3丁目,火曜日・金曜日,月曜日,第4火曜日
八幡東区,松尾町,火曜日・金曜日,月曜日,第3水曜日
八幡東区,宮田町,火曜日・金曜日,木曜日,第3木曜日
八幡東区,宮の町1～2丁目,火曜日・金曜日,木曜日,第3金曜日
八幡東区,桃園1～4丁目,火曜日・金曜日,月曜日,第4水曜日
八幡東区,桃園3～4丁目（一部）,火曜日・金曜日,火曜日,第4水曜日
八幡東区,豊町,火曜日・金曜日,木曜日,第4月曜日
八幡西区,相生町,月曜日・木曜日,火曜日,第3水曜日
八幡西区,青山1～3丁目,月曜日・木曜日,火曜日,第1木曜日
八幡西区,大字浅川,月曜日・木曜日,金曜日,第4金曜日
八幡西区,浅川1～2丁目,月曜日・木曜日,金曜日,第4金曜日
八幡西区,浅川学園台1～2丁目,月曜日・木曜日,金曜日,第4金曜日
八幡西区,浅川学園台3～4丁目,月曜日・木曜日,金曜日,第4木曜日
八幡西区,浅川台1～3丁目,月曜日・木曜日,金曜日,第4金曜日
八幡西区,浅川日の峯1～4丁目,月曜日・木曜日,金曜日,第4金曜日
八幡西区,浅川町,月曜日・木曜日,金曜日,第2木曜日
八幡西区,大字穴生,月曜日・木曜日,金曜日,第3火曜日
八幡西区,穴生1～4丁目,月曜日・木曜日,火曜日,第1金曜日
八幡西区,池田1～3丁目,火曜日・金曜日,月曜日,第4木曜日
八幡西区,石坂1～3丁目,火曜日・金曜日,月曜日,第4火曜日
八幡西区,泉ケ浦1～3丁目,月曜日・木曜日,金曜日,第2金曜日
八幡西区,医生ケ丘,月曜日・木曜日,金曜日,第2木曜日
八幡西区,市瀬1～3丁目,月曜日・木曜日,火曜日,第3水曜日
八幡西区,岩崎1～4丁目,火曜日・金曜日,月曜日,第4水曜日
八幡西区,上の原1～4丁目,月曜日・木曜日,金曜日,第3木曜日
八幡西区,大字永犬丸,月曜日・木曜日,金曜日,第3月曜日
八幡西区,永犬丸1～5丁目,月曜日・木曜日,金曜日,第3月曜日
八幡西区,永犬丸西町1～4丁目,月曜日・木曜日,金曜日,第3月曜日
八幡西区,永犬丸東町1～3丁目,月曜日・木曜日,金曜日,第3火曜日
八幡西区,永犬丸南町1～5丁目,月曜日・木曜日,金曜日,第3月曜日
八幡西区,大浦1～3丁目,月曜日・木曜日,金曜日,第2木曜日
八幡西区,大畑町,月曜日・木曜日,火曜日,第1火曜日
八幡西区,大平1丁目,月曜日・木曜日,金曜日,第4月曜日
八幡西区,大平2丁目（一部）,月曜日・木曜日,金曜日,第4月曜日
八幡西区,大平2丁目（一部）,火曜日・金曜日,月曜日,第4月曜日
八幡西区,大平3丁目,火曜日・金曜日,月曜日,第4月曜日
八幡西区,大平台,月曜日・木曜日,金曜日,第3金曜日
八幡西区,岡田町,月曜日・木曜日,火曜日,第1水曜日
八幡西区,沖田1～5丁目,月曜日・木曜日,金曜日,第3火曜日
八幡西区,御開1～5丁目,月曜日・木曜日,火曜日,第2月曜日
八幡西区,折尾1～5丁目,月曜日・木曜日,金曜日,第2水曜日
八幡西区,春日台1～6丁目,月曜日・木曜日,金曜日,第3金曜日
八幡西区,香月中央1～5丁目,火曜日・金曜日,月曜日,第4火曜日
八幡西区,香月西1～4丁目,火曜日・金曜日,月曜日,第4水曜日
八幡西区,上香月1～4丁目,火曜日・金曜日,月曜日,第4火曜日
八幡西区,上上津役1～6丁目,月曜日・木曜日,火曜日,第3木曜日
八幡西区,岸の浦1～2丁目,月曜日・木曜日,火曜日,第1水曜日
八幡西区,北鷹見町,月曜日・木曜日,金曜日,第2水曜日
八幡西区,吉祥寺町,火曜日・金曜日,月曜日,第4火曜日
八幡西区,貴船台,月曜日・木曜日,火曜日,第2火曜日
八幡西区,京良城町,月曜日・木曜日,火曜日,第1火曜日
八幡西区,楠北1～3丁目,火曜日・金曜日,月曜日,第4水曜日
八幡西区,楠木1～2丁目,月曜日・木曜日,金曜日,第2火曜日
八幡西区,大字楠橋,火曜日・金曜日,月曜日,第4水曜日
八幡西区,楠橋上方1～2丁目,火曜日・金曜日,月曜日,第4水曜日
八幡西区,楠橋下方1～3丁目,火曜日・金曜日,月曜日,第4水曜日
八幡西区,楠橋西1～3丁目,火曜日・金曜日,月曜日,第4水曜日
八幡西区,楠橋東1～2丁目,火曜日・金曜日,月曜日,第4木曜日
八幡西区,楠橋南1～2丁目,火曜日・金曜日,月曜日,第4木曜日
八幡西区,楠橋南3丁目,火曜日・金曜日,木曜日,第4木曜日
八幡西区,熊手1～3丁目,火曜日・金曜日,月曜日,第1火曜日
八幡西区,熊西1～2丁目,月曜日・木曜日,火曜日,第1木曜日
八幡西区,黒崎1～5丁目,火曜日・金曜日,月曜日,第1月曜日
八幡西区,黒崎城石,火曜日・金曜日,月曜日,第1月曜日
八幡西区,皇后崎町,月曜日・木曜日,火曜日,第1木曜日
八幡西区,河桃町,月曜日・木曜日,火曜日,第1火曜日
八幡西区,紅梅1～2丁目,火曜日・金曜日,月曜日,第1月曜日
八幡西区,紅梅3～4丁目,月曜日・木曜日,火曜日,第1月曜日
八幡西区,光明1～2丁目,月曜日・木曜日,金曜日,第2火曜日
八幡西区,小鷺田町,月曜日・木曜日,火曜日,第1水曜日
八幡西区,大字小嶺,月曜日・木曜日,火曜日,第4月曜日
八幡西区,小嶺1丁目,火曜日・金曜日,月曜日,第4月曜日
八幡西区,小嶺2丁目（一部）,月曜日・木曜日,火曜日,第4月曜日
八幡西区,小嶺2丁目（一部）,火曜日・金曜日,月曜日,第4月曜日
八幡西区,小嶺3丁目,月曜日・木曜日,火曜日,第4月曜日
八幡西区,小嶺台1～4丁目,火曜日・金曜日,月曜日,第4月曜日
八幡西区,大字木屋瀬,火曜日・金曜日,月曜日,第4金曜日
八幡西区,木屋瀬1～5丁目,火曜日・金曜日,月曜日,第4金曜日
八幡西区,木屋瀬東1丁目（一部）,火曜日・金曜日,月曜日,第4金曜日
八幡西区,木屋瀬東1丁目（一部）,火曜日・金曜日,木曜日,第4金曜日
八幡西区,木屋瀬東2～4丁目,火曜日・金曜日,木曜日,第4金曜日
八幡西区,大字金剛,火曜日・金曜日,木曜日,第4木曜日
八幡西区,金剛1～4丁目,火曜日・金曜日,木曜日,第4木曜日
八幡西区,幸神1～4丁目,月曜日・木曜日,火曜日,第1水曜日
八幡西区,桜ケ丘町,月曜日・木曜日,火曜日,第1木曜日
八幡西区,大字笹田,火曜日・金曜日,木曜日,第4金曜日
八幡西区,さつき台1～2丁目,月曜日・木曜日,金曜日,第2金曜日
八幡西区,里中1～3丁目,月曜日・木曜日,金曜日,第3月曜日
八幡西区,三ケ森1～4丁目,月曜日・木曜日,金曜日,第3金曜日
八幡西区,下上津役1～4丁目,月曜日・木曜日,金曜日,第3金曜日
八幡西区,下上津役元町,月曜日・木曜日,金曜日,第3金曜日
八幡西区,下畑町（一部）,火曜日・金曜日,月曜日,第4木曜日
八幡西区,下畑町（一部）,火曜日・金曜日,木曜日,第4木曜日
八幡西区,自由ケ丘,月曜日・木曜日,金曜日,第2木曜日
八幡西区,松寿山1～3丁目,月曜日・木曜日,金曜日,第2金曜日
八幡西区,白岩町,火曜日・金曜日,月曜日,第4火曜日
八幡西区,陣原1～5丁目,月曜日・木曜日,火曜日,第1金曜日
八幡西区,陣山1丁目（一部）,月曜日・木曜日,火曜日,第1月曜日
八幡西区,陣山1丁目（一部）,火曜日・金曜日,月曜日,第1月曜日
八幡西区,陣山2丁目（一部）,月曜日・木曜日,火曜日,第1月曜日
八幡西区,陣山2丁目（一部）,火曜日・金曜日,月曜日,第1月曜日
八幡西区,陣山3丁目,月曜日・木曜日,火曜日,第1月曜日
八幡西区,菅原町,火曜日・金曜日,月曜日,第1水曜日
八幡西区,瀬板1～2丁目,月曜日・木曜日,火曜日,第2金曜日
八幡西区,清納1～2丁目,月曜日・木曜日,火曜日,第1火曜日
八幡西区,星和町,月曜日・木曜日,火曜日,第2火曜日
八幡西区,大膳1～2丁目,月曜日・木曜日,金曜日,第2水曜日
八幡西区,高江1～5丁目,火曜日・金曜日,月曜日,第4水曜日
八幡西区,鷹の巣1～3丁目,月曜日・木曜日,火曜日,第1金曜日
八幡西区,鷹見台1～4丁目,月曜日・木曜日,金曜日,第3月曜日
八幡西区,竹末1～2丁目,月曜日・木曜日,火曜日,第3水曜日
八幡西区,田町1～2丁目,火曜日・金曜日,月曜日,第1月曜日
八幡西区,茶売町,月曜日・木曜日,火曜日,第1水曜日
八幡西区,茶屋の原1～4丁目,火曜日・金曜日,月曜日,第4木曜日
八幡西区,千代1～5丁目,火曜日・金曜日,月曜日,第4火曜日
八幡西区,千代ケ崎1～3丁目,月曜日・木曜日,火曜日,第4木曜日
八幡西区,築地町,火曜日・金曜日,月曜日,第1月曜日
八幡西区,筒井町,月曜日・木曜日,火曜日,第1水曜日
八幡西区,鉄王1～2丁目,月曜日・木曜日,火曜日,第3水曜日
八幡西区,鉄竜1～2丁目,月曜日・木曜日,火曜日,第1木曜日
八幡西区,東筑1～2丁目,月曜日・木曜日,金曜日,第2水曜日
八幡西区,塔野1～3丁目,月曜日・木曜日,金曜日,第3金曜日
八幡西区,洞北町,月曜日・木曜日,火曜日,第2月曜日
八幡西区,友田1～3丁目,月曜日・木曜日,金曜日,第2火曜日
八幡西区,長崎町,月曜日・木曜日,金曜日,第2水曜日
八幡西区,中須1丁目,月曜日・木曜日,火曜日,第2金曜日
八幡西区,中須2丁目,月曜日・木曜日,金曜日,第2金曜日
八幡西区,中の原1～3丁目,月曜日・木曜日,金曜日,第3木曜日
八幡西区,鳴水町,月曜日・木曜日,火曜日,第1火曜日
八幡西区,西王子町,月曜日・木曜日,火曜日,第1水曜日
八幡西区,西折尾町,月曜日・木曜日,金曜日,第2水曜日
八幡西区,西川頭町,月曜日・木曜日,火曜日,第1火曜日
八幡西区,西神原町,月曜日・木曜日,火曜日,第1火曜日
八幡西区,西鳴水1～2丁目,月曜日・木曜日,火曜日,第1火曜日
八幡西区,西曲里町,月曜日・木曜日,火曜日,第1水曜日
八幡西区,大字野面,火曜日・金曜日,木曜日,第4金曜日
八幡西区,野面1～2丁目,火曜日・金曜日,木曜日,第4金曜日
八幡西区,則松1～7丁目,月曜日・木曜日,金曜日,第2金曜日
八幡西区,則松東1～2丁目,月曜日・木曜日,金曜日,第2金曜日
八幡西区,萩原1～3丁目,月曜日・木曜日,火曜日,第1木曜日
八幡西区,大字畑,火曜日・金曜日,木曜日,第4木曜日
八幡西区,馬場山,火曜日・金曜日,月曜日,第4木曜日
八幡西区,馬場山西,火曜日・金曜日,月曜日,第4木曜日
八幡西区,馬場山原,火曜日・金曜日,月曜日,第4木曜日
八幡西区,馬場山東1～3丁目,火曜日・金曜日,木曜日,第4木曜日
八幡西区,馬場山緑,火曜日・金曜日,月曜日,第4木曜日
八幡西区,東石坂町,火曜日・金曜日,月曜日,第4火曜日
八幡西区,東王子町,月曜日・木曜日,火曜日,第1水曜日
八幡西区,東折尾町,月曜日・木曜日,金曜日,第2水曜日
八幡西区,東川頭町,月曜日・木曜日,火曜日,第1火曜日
八幡西区,東神原町,月曜日・木曜日,火曜日,第1火曜日
八幡西区,東鳴水1～5丁目,月曜日・木曜日,火曜日,第1火曜日
八幡西区,東浜町,火曜日・金曜日,月曜日,第1月曜日
八幡西区,東曲里町,月曜日・木曜日,火曜日,第1水曜日
八幡西区,引野1～3丁目,月曜日・木曜日,火曜日,第3水曜日
八幡西区,樋口町,月曜日・木曜日,火曜日,第1金曜日
八幡西区,日吉台1～3丁目,月曜日・木曜日,金曜日,第2木曜日
八幡西区,平尾町,月曜日・木曜日,火曜日,第1火曜日
八幡西区,藤田1～4丁目,火曜日・金曜日,月曜日,第1月曜日
八幡西区,藤原1～4丁目,月曜日・木曜日,金曜日,第2木曜日
八幡西区,船越1丁目（一部）,月曜日・木曜日,金曜日,第4火曜日
八幡西区,船越1丁目（一部）,火曜日・金曜日,月曜日,第4火曜日
八幡西区,船越2～3丁目,火曜日・金曜日,月曜日,第4火曜日
八幡西区,舟町,火曜日・金曜日,月曜日,第1月曜日
八幡西区,別所町,月曜日・木曜日,火曜日,第3水曜日
八幡西区,別当町,月曜日・木曜日,火曜日,第3水曜日
八幡西区,北筑1～3丁目,月曜日・木曜日,金曜日,第3月曜日
八幡西区,星ケ丘1～7丁目,火曜日・金曜日,木曜日,第4金曜日
八幡西区,堀川町,月曜日・木曜日,金曜日,第2水曜日
八幡西区,大字本城（一部）,月曜日・木曜日,金曜日,第4木曜日
八幡西区,大字本城（一部）,火曜日・金曜日,月曜日,第4木曜日
八幡西区,本城1丁目,月曜日・木曜日,火曜日,第2月曜日
八幡西区,本城2丁目,月曜日・木曜日,金曜日,第2月曜日
八幡西区,本城3～5丁目,月曜日・木曜日,火曜日,第2月曜日
八幡西区,本城学研台1～3丁目,火曜日・金曜日,月曜日,第4木曜日
八幡西区,本城東1～3丁目,月曜日・木曜日,火曜日,第2月曜日
八幡西区,本城東4～6丁目,月曜日・木曜日,火曜日,第2火曜日
八幡西区,町上津役西1～2丁目,月曜日・木曜日,金曜日,第4月曜日
八幡西区,町上津役西3丁目（一部）,月曜日・木曜日,金曜日,第4月曜日
八幡西区,町上津役西3丁目（一部）,火曜日・金曜日,月曜日,第4月曜日
八幡西区,町上津役西4丁目（一部）,月曜日・木曜日,金曜日,第4月曜日
八幡西区,町上津役西4丁目（一部）,火曜日・金曜日,月曜日,第4月曜日
八幡西区,町上津役東1～3丁目,月曜日・木曜日,火曜日,第4月曜日
八幡西区,的場町,月曜日・木曜日,金曜日,第3火曜日
八幡西区,真名子1～2丁目,火曜日・金曜日,月曜日,第4水曜日
八幡西区,丸尾町,月曜日・木曜日,金曜日,第2水曜日
八幡西区,三ツ頭1～2丁目,月曜日・木曜日,金曜日,第4金曜日
八幡西区,光貞台1～3丁目,月曜日・木曜日,金曜日,第4木曜日
八幡西区,南王子町,月曜日・木曜日,火曜日,第1水曜日
八幡西区,南鷹見町,月曜日・木曜日,金曜日,第2水曜日
八幡西区,南八千代町,月曜日・木曜日,火曜日,第1月曜日
八幡西区,美原町,月曜日・木曜日,金曜日,第3火曜日
八幡西区,美吉野町,月曜日・木曜日,金曜日,第2水曜日
八幡西区,椋枝1～2丁目,火曜日・金曜日,月曜日,第4火曜日
八幡西区,元城町,月曜日・木曜日,火曜日,第1火曜日
八幡西区,森下町,月曜日・木曜日,金曜日,第3火曜日
八幡西区,屋敷1～2丁目,火曜日・金曜日,月曜日,第1月曜日
八幡西区,八千代町,火曜日・金曜日,月曜日,第1月曜日
八幡西区,八枝1～5丁目,月曜日・木曜日,金曜日,第3月曜日
八幡西区,山寺町,月曜日・木曜日,火曜日,第1水曜日
八幡西区,夕原町,月曜日・木曜日,火曜日,第2火曜日
八幡西区,養福寺町,月曜日・木曜日,金曜日,第3火曜日
八幡西区,力丸町（一部）,月曜日・木曜日,火曜日,第4木曜日
八幡西区,力丸町（一部）,月曜日・木曜日,金曜日,第4木曜日
八幡西区,若葉1～3丁目,月曜日・木曜日,金曜日,第3火曜日
八幡西区,割子川1～2丁目,月曜日・木曜日,火曜日,第3水曜日
戸畑区,旭町,火曜日・金曜日,木曜日,第2金曜日
戸畑区,浅生1丁目,月曜日・木曜日,金曜日,第2金曜日
戸畑区,浅生2丁目（1番）,月曜日・木曜日,金曜日,第2金曜日
戸畑区,浅生2丁目（1番以外）,火曜日・金曜日,木曜日,第2金曜日
戸畑区,浅生3丁目,月曜日・木曜日,金曜日,第2金曜日
戸畑区,一枝1～4丁目,火曜日・金曜日,木曜日,第3火曜日
戸畑区,沖台1～2丁目,月曜日・木曜日,金曜日,第2金曜日
戸畑区,川代1～2丁目,火曜日・金曜日,木曜日,第2金曜日
戸畑区,観音寺町,月曜日・木曜日,金曜日,第3月曜日
戸畑区,北鳥旗町,火曜日・金曜日,木曜日,第2金曜日
戸畑区,銀座1～2丁目,火曜日・金曜日,木曜日,第2金曜日
戸畑区,小芝1～3丁目,火曜日・金曜日,木曜日,第2木曜日
戸畑区,金比羅町,火曜日・金曜日,木曜日,第3火曜日
戸畑区,幸町,火曜日・金曜日,木曜日,第2金曜日
戸畑区,境川1～2丁目,火曜日・金曜日,木曜日,第2木曜日
戸畑区,沢見1～2丁目,火曜日・金曜日,木曜日,第2木曜日
戸畑区,三六町,火曜日・金曜日,木曜日,第2木曜日
戸畑区,椎ノ木町,月曜日・木曜日,金曜日,第3月曜日
戸畑区,汐井町,火曜日・金曜日,木曜日,第2金曜日
戸畑区,正津町,月曜日・木曜日,金曜日,第2金曜日
戸畑区,新池1～3丁目,火曜日・金曜日,木曜日,第2金曜日
戸畑区,新川町,月曜日・木曜日,金曜日,第2金曜日
戸畑区,菅原1～4丁目,月曜日・木曜日,金曜日,第3月曜日
戸畑区,仙水町,火曜日・金曜日,木曜日,第2木曜日
戸畑区,千防1～3丁目,火曜日・金曜日,木曜日,第2金曜日
戸畑区,高峰1～3丁目,月曜日・木曜日,金曜日,第3月曜日
戸畑区,土取町,火曜日・金曜日,木曜日,第2木曜日
戸畑区,天神1～2丁目,火曜日・金曜日,木曜日,第2木曜日
戸畑区,天籟寺1～2丁目,火曜日・金曜日,木曜日,第3火曜日
戸畑区,大字中原,火曜日・金曜日,木曜日,第2木曜日
戸畑区,中原西1～3丁目,火曜日・金曜日,木曜日,第2木曜日
戸畑区,中原東1～4丁目,火曜日・金曜日,木曜日,第2木曜日
戸畑区,中本町,火曜日・金曜日,木曜日,第2金曜日
戸畑区,西大谷1～2丁目,月曜日・木曜日,金曜日,第3月曜日
戸畑区,西鞘ケ谷町,月曜日・木曜日,金曜日,第3火曜日
戸畑区,初音町,月曜日・木曜日,金曜日,第2金曜日
戸畑区,東大谷1～3丁目,月曜日・木曜日,金曜日,第3火曜日
戸畑区,東鞘ケ谷町,火曜日・金曜日,木曜日,第3火曜日
戸畑区,福柳木1～2丁目,火曜日・金曜日,木曜日,第3火曜日
戸畑区,牧山1～4丁目,月曜日・木曜日,火曜日,第3月曜日
戸畑区,牧山海岸,月曜日・木曜日,火曜日,第3月曜日
戸畑区,牧山新町,月曜日・木曜日,火曜日,第3月曜日
戸畑区,丸町1～3丁目,月曜日・木曜日,火曜日,第3月曜日
戸畑区,南鳥旗町,火曜日・金曜日,木曜日,第2金曜日
戸畑区,明治町,火曜日・金曜日,木曜日,第2金曜日
戸畑区,元宮町,火曜日・金曜日,木曜日,第2金曜日
戸畑区,夜宮1～3丁目,火曜日・金曜日,木曜日,第3火曜日
